中转IP,中转端口,回源IP,国家,数据中心,IP类型,网络延迟,等效带宽,峰值速度,峰值速度数值
150.136.240.243,443,150.136.240.243,US,Ashburn,中转,32 ms,793 Mbps,101580 kB/s,101580.0
3.144.191.4,443,3.144.191.4,US,Chicago,中转,32 ms,690 Mbps,88371 kB/s,88371.0
35.202.158.120,443,35.202.158.120,US,Chicago,中转,58 ms,668 Mbps,85606 kB/s,85606.0
18.216.55.100,443,18.216.55.100,US,Columbus,中转,31 ms,510 Mbps,65331 kB/s,65331.0
140.84.179.114,443,140.84.179.114,MX,Dallas,中转,70 ms,462 Mbps,59187 kB/s,59187.0
165.1.74.145,443,165.1.74.145,US,San Jose,中转,69 ms,428 Mbps,54886 kB/s,54886.0
184.169.181.217,443,184.169.181.217,US,San Jose,中转,72 ms,406 Mbps,52019 kB/s,52019.0
35.230.79.26,443,34.169.47.4,US,Seattle,隧道,71 ms,381 Mbps,48844 kB/s,48844.0
129.146.240.62,443,129.146.240.62,US,Los Angeles,中转,75 ms,344 Mbps,44134 kB/s,44134.0
129.146.60.210,443,129.146.60.210,US,Los Angeles,中转,85 ms,324 Mbps,41574 kB/s,41574.0
192.18.140.32,443,2603:c024:c001:187e:bf78:be6d:4:259b,US,San Jose,隧道,84 ms,320 Mbps,41062 kB/s,41062.0
152.70.155.147,443,152.70.155.147,US,Los Angeles,中转,85 ms,318 Mbps,40755 kB/s,40755.0
150.230.42.80,443,104.28.201.73,US,San Jose,隧道,77 ms,316 Mbps,40550 kB/s,40550.0
129.159.32.14,443,129.159.32.14,US,San Jose,中转,73 ms,300 Mbps,38502 kB/s,38502.0
23.94.43.51,443,23.94.43.51,US,Seattle,中转,81 ms,285 Mbps,36556 kB/s,36556.0
198.23.254.51,443,198.23.254.51,US,San Jose,中转,68 ms,284 Mbps,36352 kB/s,36352.0
152.70.117.174,443,152.70.117.174,US,San Jose,中转,69 ms,276 Mbps,35328 kB/s,35328.0
18.184.55.249,443,18.184.55.249,DE,Frankfurt,中转,98 ms,264 Mbps,33894 kB/s,33894.0
141.148.238.27,443,2a0b:21c0:100a:1b6:0:4476:81cb:fc8f,DE,Frankfurt,隧道,168 ms,260 Mbps,33382 kB/s,33382.0
141.144.246.63,443,2a0b:21c0:1007:c9:0:6468:d086:7c7a,DE,Frankfurt,隧道,107 ms,252 Mbps,32256 kB/s,32256.0
3.67.25.193,443,18.197.218.69,DE,Frankfurt,隧道,130 ms,248 Mbps,31744 kB/s,31744.0
152.70.52.215,443,152.70.52.215,NL,Amsterdam,中转,104 ms,248 Mbps,31744 kB/s,31744.0
144.21.38.47,443,2a0b:21c0:100a:1fa:0:c60:38db:3673,DE,Frankfurt,隧道,101 ms,245 Mbps,31436 kB/s,31436.0
158.101.209.76,443,158.101.209.76,NL,Amsterdam,中转,100 ms,236 Mbps,30310 kB/s,30310.0
18.197.218.69,443,18.197.218.69,DE,Frankfurt,中转,103 ms,222 Mbps,28467 kB/s,28467.0
144.21.42.254,443,2a0b:21c0:1007:1c8:0:49ed:6046:600c,DE,Frankfurt,隧道,127 ms,221 Mbps,28364 kB/s,28364.0
141.144.197.111,443,141.144.197.111,NL,Amsterdam,中转,106 ms,221 Mbps,28364 kB/s,28364.0
23.94.217.204,443,23.94.217.204,NL,Amsterdam,中转,95 ms,215 Mbps,27545 kB/s,27545.0
130.61.23.77,443,130.61.23.77,DE,Frankfurt,中转,119 ms,214 Mbps,27443 kB/s,27443.0
141.148.232.187,443,2606:f240:f00:6acf:0:5d4b:a64c:2922,US,Frankfurt,隧道,99 ms,212 Mbps,27136 kB/s,27136.0
35.197.23.75,443,34.169.47.4,US,Seattle,隧道,67 ms,200 Mbps,25702 kB/s,25702.0
192.9.158.188,443,2a09:bac5:6442:1246::1d2:2a,US,San Jose,隧道,118 ms,186 Mbps,23859 kB/s,23859.0
141.147.99.240,443,2a0b:21c0:100a:1fa:0:8869:8e9f:c97f,DE,Frankfurt,隧道,113 ms,180 Mbps,23142 kB/s,23142.0
144.22.252.124,443,144.22.252.124,BR,São Paulo,中转,150 ms,162 Mbps,20787 kB/s,20787.0
129.159.26.154,443,2a0b:21c0:1007:1cb:0:a90:bc8d:ade4,DE,Frankfurt,隧道,141 ms,144 Mbps,18432 kB/s,18432.0
152.67.153.4,443,2a0b:21c0:1007:c9:0:eafd:8d2e:1149,DE,Frankfurt,隧道,96 ms,121 Mbps,15564 kB/s,15564.0
47.88.15.127,443,47.88.15.127,US,San Jose,中转,79 ms,121 Mbps,15564 kB/s,15564.0
3.112.21.102,443,3.112.21.102,JP,Tokyo,中转,160 ms,116 Mbps,14950 kB/s,14950.0
141.148.241.207,443,2a0b:21c0:100a:1b5:0:3be3:27dc:b666,DE,Frankfurt,隧道,102 ms,116 Mbps,14848 kB/s,14848.0
138.2.165.86,443,2a0b:21c0:1007:c7:0:a734:1d9:9bed,DE,Frankfurt,隧道,110 ms,115 Mbps,14745 kB/s,14745.0
35.201.203.106,443,35.201.203.106,TW,Taipei,中转,229 ms,110 Mbps,14131 kB/s,14131.0
129.213.136.180,443,129.213.136.180,US,Ashburn,中转,6 ms,104 Mbps,13414 kB/s,13414.0
150.230.34.116,443,150.230.34.116,US,San Jose,中转,101 ms,103 Mbps,13209 kB/s,13209.0
129.150.50.63,443,129.150.50.63,SG,Singapore,中转,229 ms,100 Mbps,12902 kB/s,12902.0
138.2.105.213,443,138.2.105.213,SG,Singapore,中转,263 ms,94 Mbps,12083 kB/s,12083.0
138.2.123.70,443,138.2.123.70,KR,Seoul,中转,202 ms,91 Mbps,11673 kB/s,11673.0
144.24.83.39,443,144.24.83.39,KR,Seoul,中转,207 ms,88 Mbps,11366 kB/s,11366.0
129.151.204.91,443,129.151.204.91,SE,Stockholm,中转,134 ms,84 Mbps,10752 kB/s,10752.0
129.154.50.159,443,129.154.50.159,KR,Seoul,中转,209 ms,82 Mbps,10547 kB/s,10547.0
158.180.89.73,443,2603:c024:e:6666::8888,KR,Seoul,隧道,187 ms,82 Mbps,10547 kB/s,10547.0
129.154.207.203,443,2a09:bac1:3f00:90::22:105,KR,Seoul,隧道,201 ms,80 Mbps,10240 kB/s,10240.0
192.9.177.204,443,192.9.177.204,AU,Sydney,中转,237 ms,79 Mbps,10137 kB/s,10137.0
140.238.158.238,443,140.238.158.238,CA,Toronto,中转,28 ms,79 Mbps,10137 kB/s,10137.0
146.56.146.67,443,146.56.146.67,KR,Seoul,中转,234 ms,79 Mbps,10137 kB/s,10137.0
140.238.28.86,443,140.238.28.86,KR,Seoul,中转,223 ms,78 Mbps,10035 kB/s,10035.0
131.186.33.175,443,131.186.33.175,JP,Tokyo,中转,224 ms,77 Mbps,9978 kB/s,9978.0
152.67.203.34,443,104.28.207.57,KR,Seoul,隧道,239 ms,76 Mbps,9840 kB/s,9840.0
129.154.50.220,443,129.154.50.220,KR,Seoul,中转,191 ms,75 Mbps,9716 kB/s,9716.0
158.101.142.100,443,2a09:bac5:4428:dc::16:22a,JP,Tokyo,隧道,255 ms,72 Mbps,9281 kB/s,9281.0
141.147.163.68,443,141.147.163.68,JP,Tokyo,中转,231 ms,68 Mbps,8812 kB/s,8812.0
152.70.90.168,443,2603:c022:8004:1505::5,KR,Seoul,隧道,216 ms,67 Mbps,8634 kB/s,8634.0
168.138.184.172,443,168.138.184.172,SG,Singapore,中转,237 ms,66 Mbps,8557 kB/s,8557.0
146.56.162.25,443,146.56.162.25,KR,Seoul,中转,199 ms,65 Mbps,8359 kB/s,8359.0
141.148.203.6,443,141.148.203.6,IN,Mumbai,中转,239 ms,65 Mbps,8350 kB/s,8350.0
140.238.60.225,443,140.238.60.225,JP,Tokyo,中转,239 ms,64 Mbps,8288 kB/s,8288.0
138.2.56.246,443,138.2.56.246,JP,Osaka,中转,217 ms,63 Mbps,8090 kB/s,8090.0
138.3.210.24,443,2603:c021:800d:a344:0:1::,JP,Tokyo,隧道,236 ms,61 Mbps,7924 kB/s,7924.0
150.136.87.192,443,150.136.87.192,US,Ashburn,中转,7 ms,61 Mbps,7918 kB/s,7918.0
141.147.184.160,443,141.147.184.160,JP,Tokyo,中转,235 ms,57 Mbps,7367 kB/s,7367.0
129.150.51.134,443,129.150.51.134,SG,Singapore,中转,238 ms,56 Mbps,7212 kB/s,7212.0
138.2.66.92,443,138.2.66.92,SG,Singapore,中转,243 ms,55 Mbps,7103 kB/s,7103.0
144.24.78.162,443,144.24.78.162,KR,Seoul,中转,191 ms,51 Mbps,6640 kB/s,6640.0
8.219.80.184,443,8.219.80.184,SG,Singapore,中转,271 ms,51 Mbps,6576 kB/s,6576.0
132.226.114.74,443,132.226.114.74,US,Los Angeles,中转,90 ms,48 Mbps,6152 kB/s,6152.0
193.122.58.158,443,193.122.58.158,DE,Frankfurt,中转,103 ms,46 Mbps,5990 kB/s,5990.0
84.235.169.234,443,84.235.169.234,NL,Amsterdam,中转,86 ms,46 Mbps,5983 kB/s,5983.0
132.226.31.178,443,2a09:bac5:60e9:1173::1bd:119,US,Los Angeles,隧道,62 ms,46 Mbps,5940 kB/s,5940.0
129.159.34.122,443,129.159.34.122,US,San Jose,中转,83 ms,45 Mbps,5875 kB/s,5875.0
130.162.228.90,443,130.162.228.90,DE,Frankfurt,中转,104 ms,45 Mbps,5768 kB/s,5768.0
129.154.59.99,443,129.154.59.99,KR,Seoul,中转,185 ms,44 Mbps,5652 kB/s,5652.0
155.248.196.123,443,155.248.196.123,US,Vancouver,中转,92 ms,44 Mbps,5649 kB/s,5649.0
140.238.212.95,443,140.238.212.95,CH,Milan,中转,106 ms,44 Mbps,5639 kB/s,5639.0
168.138.50.249,443,168.138.50.249,JP,Osaka,中转,209 ms,41 Mbps,5360 kB/s,5360.0
158.180.65.145,443,2603:c024:e:6666::6666,KR,Seoul,隧道,221 ms,41 Mbps,5358 kB/s,5358.0
131.186.17.132,443,131.186.17.132,KR,Seoul,中转,213 ms,41 Mbps,5349 kB/s,5349.0
129.159.194.174,443,129.159.32.14,US,San Jose,隧道,97 ms,41 Mbps,5289 kB/s,5289.0
152.67.231.219,443,152.67.231.219,US,San Jose,中转,71 ms,40 Mbps,5233 kB/s,5233.0
158.178.238.239,443,158.178.238.239,SG,Singapore,中转,260 ms,38 Mbps,4888 kB/s,4888.0
158.101.141.78,443,158.101.141.78,JP,Tokyo,中转,278 ms,37 Mbps,4854 kB/s,4854.0
144.24.73.232,443,144.24.73.232,KR,Seoul,中转,212 ms,35 Mbps,4545 kB/s,4545.0
138.3.215.28,443,129.159.32.14,US,San Jose,隧道,229 ms,35 Mbps,4524 kB/s,4524.0
168.138.165.174,443,168.138.165.174,SG,Singapore,中转,257 ms,35 Mbps,4517 kB/s,4517.0
146.56.46.84,443,2603:c022:8007:a810::dcba,KR,Seoul,隧道,240 ms,35 Mbps,4507 kB/s,4507.0
129.154.46.115,443,104.28.201.82,IN,Hyderabad,隧道,243 ms,35 Mbps,4500 kB/s,4500.0
146.56.101.141,443,146.56.101.141,KR,Seoul,中转,203 ms,34 Mbps,4479 kB/s,4479.0
150.230.196.248,443,150.230.196.248,JP,Tokyo,中转,268 ms,34 Mbps,4384 kB/s,4384.0
141.145.217.226,443,141.145.217.226,FR,Paris,中转,95 ms,33 Mbps,4347 kB/s,4347.0
130.162.144.191,443,2a09:bac5:4757:155::22:11c,KR,Seoul,隧道,205 ms,33 Mbps,4339 kB/s,4339.0
140.83.81.109,443,140.83.81.109,JP,Osaka,中转,244 ms,32 Mbps,4190 kB/s,4190.0
152.70.49.115,443,152.70.49.115,NL,Amsterdam,中转,89 ms,31 Mbps,4088 kB/s,4088.0
192.9.180.162,443,192.9.180.162,AU,Sydney,中转,223 ms,31 Mbps,4071 kB/s,4071.0
168.138.215.251,443,168.138.215.251,JP,Tokyo,中转,269 ms,31 Mbps,3970 kB/s,3970.0
152.69.171.12,443,152.69.171.12,AU,Sydney,中转,220 ms,30 Mbps,3954 kB/s,3954.0
168.138.46.67,443,168.138.46.67,JP,Osaka,中转,226 ms,30 Mbps,3883 kB/s,3883.0
146.56.176.143,443,146.56.176.143,KR,Seoul,中转,215 ms,30 Mbps,3842 kB/s,3842.0
141.148.229.106,443,141.148.229.106,NL,Amsterdam,中转,119 ms,29 Mbps,3788 kB/s,3788.0
168.138.209.31,443,104.28.206.182,JP,Tokyo,隧道,239 ms,27 Mbps,3547 kB/s,3547.0
141.148.187.195,443,141.148.187.195,US,Los Angeles,中转,109 ms,26 Mbps,3407 kB/s,3407.0
129.151.254.48,443,129.151.254.48,FR,Marseille,中转,118 ms,25 Mbps,3273 kB/s,3273.0
152.70.57.182,443,152.70.57.182,NL,Amsterdam,中转,103 ms,19 Mbps,2533 kB/s,2533.0
47.89.244.253,443,47.89.244.253,US,San Jose,中转,64 ms,8 Mbps,1143 kB/s,1143.0
141.147.147.180,443,141.147.147.180,JP,Osaka,中转,238 ms,6 Mbps,894 kB/s,894.0
149.129.8.215,443,47.88.8.186,US,San Jose,隧道,232 ms,3 Mbps,511 kB/s,511.0
141.148.227.19,443,141.148.227.19,NL,Amsterdam,中转,143 ms,2 Mbps,365 kB/s,365.0
54.169.229.188,443,2406:da18:618:7e00:33b7:2027:d986:fdaa,SG,Singapore,隧道,228 ms,2 Mbps,276 kB/s,276.0
47.254.65.110,443,47.254.65.110,US,San Jose,中转,88 ms,1 Mbps,184 kB/s,184.0
64.110.104.30,443,64.110.104.30,JP,Osaka,中转,234 ms,0 Mbps,122 kB/s,122.0
8.222.165.104,443,8.222.165.104,SG,Singapore,中转,277 ms,0 Mbps,119 kB/s,119.0
47.57.233.126,443,47.88.21.157,US,San Jose,隧道,254 ms,0 Mbps,38 kB/s,38.0
47.57.14.118,443,198.11.178.111,US,San Jose,隧道,0 ms,0 Mbps,32 kB/s,32.0
47.91.18.127,443,47.91.18.127,JP,Tokyo,中转,168 ms,0 Mbps,17 kB/s,17.0
47.243.236.86,443,47.243.236.86,HK,Hong Kong,中转,253 ms,0 Mbps,4 kB/s,4.0
47.57.13.107,443,8.212.22.44,HK,Hong Kong,隧道,0 ms,0 Mbps,3 kB/s,3.0
138.3.254.39,443,138.3.254.39,DE,222 Mbps,28467 kB/s,,,,
129.146.46.164,443,129.146.46.164,US,348 Mbps,44646 kB/s,,,,
129.146.254.39,443,2603:c020:9:e483:690:2c88:ed7a:3091,45 Mbps,5781 kB/s,,,,,
